date,endPrice,priceChange,changeRate,moneyIn,moneyOut,netIn,mainPowerIn,mainPowerOut,mainPowerNetIn
14974848,34.60,0.85,0.22,2585,2180,405,0,111,-111
14973984,34.31,-0.81,0.38,4294,4449,-155,245,322,-77
14973120,34.59,-0.60,0.52,3664,7151,-3488,305,1829,-1524
14972256,34.80,-1.05,0.83,8359,8418,-59,1431,1452,-21
14969664,35.17,2.60,1.16,11958,8243,3715,2752,1790,962
14968800,34.28,2.51,0.58,6594,5872,722,514,365,149
14967936,33.44,0.91,0.33,3586,3312,274,102,182,-81
14967072,33.14,-1.52,0.27,2108,3874,-1765,119,214,-95
14966208,33.65,2.09,0.36,3794,3352,442,189,0,189
14963616,32.96,-0.54,0.32,2920,3918,-998,0,201,-201
14962752,33.14,-0.09,0.33,3824,3463,361,443,106,337
14961888,33.17,-1.22,0.49,4224,5819,-1595,335,1668,-1334
14957568,33.58,-2.33,0.44,4772,5287,-515,266,236,30
14956704,34.38,7.81,0.62,9309,4509,4800,2552,318,2234
14955840,31.89,-1.67,0.15,996,1899,-903,0,305,-305
14954976,32.43,-0.77,0.26,2476,3188,-713,129,563,-433
14954112,32.68,1.43,0.32,4303,2594,1709,0,370,-370
14939424,31.45,0.26,0.21,2318,1583,735,0,231,-231
14938560,31.37,0.64,0.30,2713,2785,-72,0,0,0
14937696,31.17,-2.65,0.28,1360,3517,-2158,0,148,-148
14936832,32.02,0.09,0.15,1073,1538,-464,0,0,0
14933376,31.99,-0.71,0.29,1767,3591,-1824,0,160,-160
14932512,32.22,-1.62,0.35,2796,3470,-674,0,354,-354
14931648,32.75,-2.12,0.30,2031,4099,-2068,0,242,-242
14930784,33.46,1.42,0.32,3304,2968,336,0,0,0
14929920,32.99,-1.64,0.28,1966,3082,-1115,0,351,-351
14927328,33.54,1.15,0.40,4281,3252,1029,973,356,618
14926464,33.16,1.41,0.36,3260,3263,-3,0,0,0
14925600,32.70,-0.91,0.19,1732,1769,-37,0,0,0
14924736,33.00,1.13,0.26,3052,1955,1097,204,0,204
14923872,32.63,-0.28,0.11,907,1317,-410,0,0,0
14921280,32.72,-0.40,0.15,1613,1397,215,0,102,-102
14920416,32.85,2.02,0.29,3827,1597,2230,232,0,232
14919552,32.20,0.34,0.23,2357,1998,360,0,0,0
14918688,32.09,0.38,0.22,1905,2495,-590,131,104,27
14917824,31.97,-1.81,0.24,1495,3273,-1778,0,401,-401
14915232,32.56,0.18,0.28,2744,2737,6,0,0,0
14914368,32.50,-1.19,0.23,1525,2969,-1444,115,161,-45
14913504,32.89,0.40,0.25,1886,2815,-929,0,221,-221
14909184,32.76,-0.21,0.19,1497,2129,-632,116,122,-6
14908320,32.83,-2.18,0.23,2051,2209,-158,145,0,145
14907456,33.56,-1.27,0.18,1327,2167,-840,0,103,-103
14906592,33.99,-0.90,0.22,1787,2685,-898,171,0,171
14905728,34.30,0.76,0.76,7234,6715,519,848,145,703
14903136,34.04,2.25,0.56,5473,4723,749,583,159,424
14902272,33.29,-0.51,0.30,2439,3709,-1270,0,433,-433
14901408,33.46,-0.71,0.50,4660,4351,309,1272,506,766
14900544,33.70,2.96,0.51,5796,3283,2513,888,191,698
14899680,32.73,0.49,0.26,2086,3077,-991,116,184,-68
14897088,32.57,-0.28,0.31,2879,3314,-435,0,114,-114
14896224,32.66,-0.43,0.34,3337,3013,324,0,0,0
14895360,32.80,-0.64,0.38,2817,4071,-1253,161,779,-618
14894496,33.01,-1.29,0.25,2012,2719,-706,0,334,-334
14893632,33.44,0.75,0.37,3089,3637,-547,456,464,-8
14891040,33.19,1.34,0.21,2588,1293,1294,101,0,101
14890176,32.75,-0.88,0.22,2223,2000,223,0,119,-119
14889312,33.04,0.52,0.19,1325,2449,-1124,0,642,-642
14888448,32.87,-0.06,0.18,1605,1902,-297,100,0,100
14887584,32.89,-0.15,0.30,2386,3632,-1246,0,391,-391
14884992,32.94,0.12,0.16,1545,1559,-14,0,0,0
14884128,32.90,-1.14,0.13,1074,1717,-643,132,0,132
14883264,33.28,0.57,0.42,3792,4351,-559,132,931,-799
14882400,33.09,0.55,0.15,1904,769,1135,276,0,276
14881536,32.91,-0.51,0.17,1858,1566,292,0,0,0
14878944,33.08,-1.49,0.27,2490,2816,-327,0,0,0
14878080,33.58,-0.03,0.14,1244,1570,-327,0,0,0
14877216,33.59,0.51,0.37,2389,5297,-2908,532,330,202
14876352,33.42,-0.06,0.29,10,0,10,0,0,0
14875488,33.44,1.67,0.49,4224,5012,-788,588,290,298
14872896,32.89,0.46,0.23,2389,2295,95,0,359,-359
14872032,32.74,-0.09,0.18,2087,1686,401,221,0,221
14871168,32.77,-0.64,0.43,3133,5441,-2308,101,911,-810
14870304,32.98,0.30,0.23,2102,2311,-209,0,0,0
14869440,32.88,-1.20,0.61,2151,9689,-7538,0,1478,-1478
14866848,33.28,-1.10,0.38,3541,3202,339,219,220,-1
14865984,33.65,1.26,0.99,8809,8645,164,2154,969,1185
14853024,30.98,1.11,0.37,4116,2107,2009,458,412,46
14852160,30.64,-0.10,0.22,1223,2836,-1614,0,0,0
14851296,30.67,1.25,0.26,3091,1434,1657,327,147,180
14848704,30.29,2.09,0.33,4081,1867,2215,224,127,97
14847840,29.67,-0.77,0.16,945,1861,-916,0,0,0
14846976,29.90,0.13,0.30,3033,2361,672,0,149,-149
14846112,29.86,-1.78,0.37,2597,4042,-1446,0,834,-834
14845248,30.40,1.88,1.15,6426,9357,-2931,2297,3640,-1342
14842656,29.84,1.67,0.40,2435,3951,-1516,881,1649,-768
14841792,29.35,-0.44,0.10,769,1187,-418,0,0,0
14840928,29.48,-0.20,0.11,858,1043,-185,0,0,0
14840064,29.54,-0.71,0.18,1673,1599,73,0,125,-125
14839200,29.75,1.09,0.27,3605,1361,2243,248,0,248
14836608,29.43,-0.57,0.22,1531,2230,-699,0,0,0
14835744,29.60,-0.27,0.37,2847,3439,-592,119,1034,-915
14834880,29.68,0.07,0.24,2449,1960,489,0,0,0
14834016,29.66,0.75,0.36,3462,2178,1284,0,0,0
14830560,29.44,0.68,0.24,1877,2337,-460,0,0,0
14829696,29.24,-0.14,0.16,1740,1200,540,0,101,-101
14828832,29.28,0.24,0.13,1259,1124,135,120,0,120
14827968,29.21,0.14,0.14,1608,1053,556,0,0,0
14827104,29.17,0.69,0.18,1749,1391,358,0,0,0
14824512,28.97,-1.06,0.15,1127,1597,-470,0,255,-255
14823648,29.28,0.69,0.19,2112,1396,716,0,0,0
14822784,29.08,-0.07,0.34,1674,3608,-1934,117,619,-502
14821920,29.10,-2.02,0.45,2590,4882,-2292,116,424,-307
14821056,29.70,-0.40,0.27,1334,3240,-1906,0,582,-582
14818464,29.82,0.30,0.15,1632,1490,142,146,407,-261
14817600,29.73,-0.17,0.30,2498,3679,-1182,0,0,0
14816736,29.78,-0.27,0.32,3602,3101,501,302,477,-175
14815872,29.86,0.50,0.35,3727,3487,240,416,310,106
14815008,29.71,-2.62,0.50,4478,5893,-1415,285,0,285
14812416,30.51,-0.42,0.40,3767,4541,-774,196,59,137
14811552,30.64,-0.81,0.24,1746,3411,-1665,0,0,0
14810688,30.89,-0.77,0.40,2342,5835,-3494,201,0,201
14809824,31.13,0.23,0.26,2868,2725,143,190,0,190
14808960,31.06,0.16,0.34,4553,2694,1859,382,162,220
14806368,31.01,-1.12,0.45,4286,5427,-1141,146,1912,-1766
14805504,31.36,1.55,0.55,6560,5282,1279,896,786,111
14804640,30.88,-1.37,0.39,4057,4134,-77,413,369,43
14803776,31.31,0.10,0.88,10951,7974,2977,3481,1367,2114
14802912,31.28,0.58,0.36,4015,3647,369,342,454,-112
14799456,31.10,-0.10,0.49,4056,6353,-2297,170,1267,-1097
14798592,31.13,0.71,0.61,6029,7128,-1099,1745,2866,-1121
14797728,30.91,-0.26,0.65,6671,7104,-433,3521,3361,160
14794272,30.84,0.13,0.17,1883,1734,149,139,101,37
14793408,30.80,-0.93,0.25,1917,3485,-1568,0,104,-104
14791680,31.09,-0.16,0.19,1576,2509,-933,0,249,-249
14790816,31.14,-0.35,0.27,2674,3091,-417,0,728,-728
14788224,31.25,-1.01,0.63,5567,7929,-2362,201,710,-509
14787360,31.57,0.45,0.31,3204,2591,613,0,218,-218
14786496,31.43,-0.13,0.25,3111,2350,761,236,0,236
14785632,31.47,0.10,0.18,2353,1522,831,312,0,312
14784768,31.44,-0.69,0.28,3012,3074,-62,140,132,8
14782176,31.66,0.13,0.21,3055,1447,1608,113,0,113
14781312,31.62,0.89,0.22,2984,1761,1223,202,0,202
14780448,31.34,-0.57,0.14,1619,1439,180,106,0,106
14779584,31.52,1.22,0.24,3395,1712,1682,106,0,106
14778720,31.14,0.26,0.17,1666,2042,-376,117,0,117
14776128,31.06,-0.45,0.18,2477,1535,942,670,0,670
14775264,31.20,-1.55,0.29,2565,3777,-1212,899,904,-6
14774400,31.69,0.03,0.19,2486,1758,728,919,268,651
14773536,31.68,-0.09,0.08,816,932,-116,0,0,0
14772672,31.71,0.38,0.14,1646,1536,110,0,260,-260
14770080,31.59,-0.72,0.14,871,2096,-1226,0,138,-138
14769216,31.82,-1.21,0.11,896,1526,-630,0,159,-159
14767488,31.84,0.63,0.17,2072,1643,428,459,523,-64
14766624,31.64,-2.38,0.21,1655,3024,-1369,162,451,-289
14764032,32.41,-0.46,0.18,1731,2230,-499,178,269,-91
14763168,32.56,0.96,0.31,3864,3198,666,769,0,769
14762304,32.25,-0.03,0.14,1777,1356,421,246,124,122
14761440,32.26,0.31,0.24,2748,2653,95,247,285,-38
14760576,32.16,1.10,0.17,1919,1852,67,0,0,0
14751936,31.81,0.22,0.19,2448,1782,666,224,0,224
14751072,31.74,-1.03,0.27,2492,3405,-913,115,106,9
14750208,32.07,1.68,0.23,2690,2502,188,0,190,-190
14749344,31.54,-0.85,0.20,1908,2526,-618,0,366,-366
14748480,31.81,-0.16,0.22,2294,2542,-249,0,0,0
14745888,31.86,-0.90,0.15,1355,1929,-573,0,0,0
14745024,32.15,-0.25,0.22,1794,3085,-1292,0,0,0
14744160,32.23,-0.56,0.49,4041,6999,-2958,0,858,-858
14743296,32.41,1.73,0.69,8019,7576,443,1260,525,735
14742432,31.86,2.67,0.54,6576,5212,1365,795,0,795
14738112,31.03,-0.58,0.38,5011,3253,1758,450,0,450
14737248,31.21,2.50,0.53,6932,4300,2633,113,120,-7
14736384,30.45,-0.94,0.42,4770,3943,827,0,0,0
14733792,30.74,-0.68,0.42,4046,4922,-876,355,788,-433
14732928,30.95,0.62,0.39,4808,3440,1369,1345,139,1206
14732064,30.76,0.03,0.60,5264,7376,-2112,1463,876,587
14731200,30.75,2.95,1.05,13355,8536,4818,3632,2348,1284
14730336,29.87,1.39,0.39,4658,3207,1451,310,643,-333
14727744,29.46,-0.51,0.17,1615,1920,-305,0,0,0
14726880,29.61,-0.13,0.30,2237,3820,-1582,142,1049,-907
14726016,29.65,-0.27,0.18,1717,2046,-328,130,177,-47
14725152,29.73,0.10,0.12,1070,1421,-351,0,0,0
14724288,29.70,0.24,0.17,978,2504,-1526,155,114,41
14721696,29.63,-0.24,0.19,1598,2364,-766,107,105,2
14720832,29.70,0.03,0.29,3672,2357,1315,893,126,767
14719968,29.69,-0.40,0.18,1226,2412,-1186,0,150,-150
14719104,29.81,0.40,0.23,2305,2437,-132,0,242,-242
14718240,29.69,-0.77,0.34,3139,3855,-716,264,362,-98
14715648,29.92,-0.86,0.34,2314,4806,-2492,0,910,-910
14714784,30.18,-0.59,0.33,3080,3874,-794,0,470,-470
14713920,30.36,0.50,0.34,3659,3483,176,581,424,157
14697504,30.16,-1.31,0.81,6848,10052,-3204,729,1463,-733
14696640,30.56,2.79,0.95,11808,8031,3777,2257,1005,1252
14695776,29.73,-1.20,1.01,11012,9582,1429,2808,1189,1619
14694912,30.09,1.07,0.40,5391,2866,2525,495,106,389
14694048,29.77,0.40,0.20,2113,1976,136,0,116,-116
14691456,29.65,-1.40,0.31,2456,3917,-1461,233,0,233
14690592,30.07,0.84,0.45,5637,3726,1911,1025,308,717
14689728,29.82,-0.03,0.29,2741,3270,-529,0,107,-107
14688864,29.83,-0.37,0.39,3063,5016,-1953,449,730,-280
14688000,29.94,-0.99,0.44,3322,5713,-2391,326,485,-159
14685408,30.24,-0.23,0.55,5304,6202,-898,718,574,144
14684544,30.31,-0.66,0.64,5992,7503,-1511,1874,2338,-464
14683680,30.51,-0.10,1.08,10263,12419,-2156,3052,3293,-241
14682816,30.54,2.21,1.57,16250,16164,86,5526,5760,-234
14681952,30.27,1.95,1.81,18759,18813,-54,6122,4737,1385
14679360,29.69,-0.24,0.50,4724,5557,-833,843,635,209
14678496,29.76,-0.93,0.76,7209,8492,-1283,1832,828,1004
14677632,30.04,1.49,0.92,10226,8657,1569,2009,974,1035
14676768,29.60,1.02,0.80,9190,7104,2086,2159,698,1462
14675904,29.30,1.35,0.50,5672,4433,1239,1141,579,562
14673312,28.91,-0.55,0.29,2388,3326,-938,116,0,116
14672448,29.07,-0.07,0.45,4369,4633,-264,227,0,227
14671584,29.09,0.55,0.59,5476,6387,-911,1578,1138,441
14670720,28.93,-0.14,0.87,6761,10416,-3655,2279,4016,-1738
14669856,28.97,2.55,0.56,6942,4001,2941,2348,351,1997
14667264,28.25,-1.91,0.56,4634,6184,-1550,0,1115,-1115
14666400,28.80,-0.35,0.33,3038,3443,-406,134,0,134
14665536,28.90,0.52,0.41,4241,3943,298,278,0,278
14664672,28.75,-1.13,0.52,4229,6074,-1845,166,1031,-865
14663808,29.08,-0.38,0.54,5037,5649,-612,936,1452,-517
14661216,29.19,0.17,0.68,5728,8078,-2350,331,226,105
14660352,29.14,-1.19,0.58,4597,7063,-2466,108,605,-496
14659488,29.49,0.96,0.93,8877,9911,-1034,606,1476,-870
14658624,29.21,-1.62,0.93,6903,11748,-4844,426,1785,-1359
14657760,29.69,-0.07,1.41,13988,14541,-553,1484,2977,-1493
14653440,29.71,-0.87,0.58,4840,7153,-2312,152,392,-241
14652576,29.97,0.57,0.91,8600,10076,-1476,1900,2547,-647
14651712,29.80,-0.30,0.84,6638,10358,-3720,1352,2737,-1385
14649120,29.89,1.49,1.39,14323,14304,19,1946,2540,-593
14648256,29.45,-0.10,0.49,4184,5602,-1418,291,292,-1
14647392,29.48,-0.51,0.89,7798,10507,-2709,1792,2888,-1096
14646528,29.63,4.44,1.15,13982,9215,4767,5655,1422,4233
14645664,28.37,-1.25,0.39,3229,4403,-1175,108,0,108
14643072,28.73,0.35,0.51,4274,5716,-1442,243,0,243
14642208,28.63,-1.78,0.81,6937,9084,-2147,663,984,-321
14641344,29.15,1.00,0.41,4213,4056,156,886,282,604
14640480,28.86,-1.20,0.35,2976,3986,-1010,249,249,1
14639616,29.21,-0.07,0.65,6722,6210,513,680,604,76
14637024,29.23,0.27,0.43,4103,4597,-494,308,506,-198
14636160,29.15,-0.75,0.56,3832,6708,-2876,285,465,-180
14635296,29.37,-1.14,0.58,5111,6739,-1627,0,555,-555
14634432,29.71,-1.91,0.61,5649,6740,-1091,358,434,-75
14633568,30.29,0.43,0.78,8067,7900,167,922,663,259
14630976,30.16,-0.89,0.99,9694,10639,-945,1308,1571,-263
14630112,30.43,-0.62,1.21,2708,3105,-397,112,477,-366
14629248,30.62,3.69,3.31,41356,29424,11932,20365,10867,9498
14628384,29.53,2.22,0.82,9024,7607,1416,1611,726,885
14627520,28.89,0.70,0.72,7868,6444,1423,1212,259,953
14624928,28.69,-3.40,0.68,5781,7800,-2019,632,998,-366
14624064,29.70,0.03,0.43,3508,5140,-1632,620,1472,-852
14623200,29.69,-1.53,0.78,6180,9889,-3708,613,1989,-1376
14622336,30.15,3.79,1.69,17179,17194,-15,4516,3859,657
14618880,29.05,2.72,0.77,8169,7210,959,1618,890,728
14618016,28.28,0.68,0.18,1750,1714,37,141,0,141
14616288,28.09,1.41,0.20,1216,719,497,164,0,164
14615424,27.70,-0.65,0.13,876,1691,-816,0,0,0
14612832,27.88,0.61,0.17,1433,1929,-497,0,0,0
14611968,27.71,-0.22,0.17,1529,1811,-282,0,0,0
14611104,27.77,-2.70,0.41,2468,5317,-2849,0,730,-730
14610240,28.54,0.32,0.25,2464,2463,1,105,117,-12
14609376,28.45,-1.59,0.26,1791,3260,-1470,0,103,-103
14606784,28.91,-0.31,0.38,2953,4527,-1574,930,797,133
14605920,29.00,0.17,0.26,2579,2627,-48,0,104,-104
14605056,28.95,0.38,0.40,4368,3565,803,287,145,142
14604192,28.84,0.24,0.22,1786,2553,-766,0,0,0
14600736,28.15,-1.40,0.26,1610,3404,-1794,0,109,-109
14599872,28.55,-2.06,0.44,3232,5493,-2261,0,639,-639
14599008,29.15,0.14,0.28,2701,2832,-131,0,0,0
14598144,29.11,1.29,0.71,7786,6533,1253,1668,835,832
14594688,28.74,0.14,0.32,2878,3435,-557,277,0,277
14593824,28.70,-0.14,0.40,3759,4095,-335,117,414,-296
14592960,28.74,2.35,0.55,4452,6075,-1623,242,255,-13
14592096,28.08,-2.33,0.63,4437,7780,-3344,697,2012,-1315
14591232,28.75,1.45,0.77,7442,7704,-262,1941,1534,407
14588640,28.34,0.25,0.22,1838,2431,-593,0,0,0
14587776,28.27,-0.91,0.34,2761,3692,-931,240,256,-16
14586912,28.53,-0.63,0.39,2972,4664,-1691,108,410,-301
14586048,28.71,-0.55,0.54,3796,6916,-3119,288,1336,-1048
14585184,28.87,1.16,0.96,8439,10319,-1880,895,1298,-403
14582592,28.54,1.97,0.89,8901,8453,448,1419,1225,194
14581728,27.99,1.52,0.49,5836,3472,2365,997,0,997
14580864,27.57,-1.32,0.32,2664,3461,-798,194,161,32
14580000,27.94,1.12,0.51,5049,4728,321,380,145,235
14579136,27.63,1.84,0.38,4058,3180,878,140,185,-45
14576544,27.13,-0.48,0.22,1767,2332,-565,122,230,-107
14575680,27.26,-0.26,0.39,2985,4298,-1313,384,478,-95
14574816,27.33,-1.73,0.26,1900,2926,-1026,0,0,0
14573952,27.81,-0.82,0.47,3914,5009,-1095,132,0,132
14573088,28.04,1.74,0.74,7982,6136,1846,1376,340,1037
14570496,27.56,-0.72,0.48,4440,4800,-361,111,619,-508
14569632,27.76,-0.11,0.62,6188,5217,971,1210,1328,-119
14568768,27.79,4.16,0.52,5985,3893,2091,632,277,355
14567040,26.54,-0.67,0.48,3707,3555,152,697,116,581
14564448,26.72,0.64,0.32,2905,2937,-32,250,0,250
14563584,26.55,-5.21,0.43,2702,5315,-2613,102,0,102
14562720,28.01,0.21,0.36,3292,3527,-235,0,0,0
14561856,27.95,0.43,0.52,4583,5294,-711,284,284,-0
14560992,27.83,2.05,0.53,5967,4134,1834,152,533,-381
14558400,27.27,-0.22,0.29,2044,3324,-1280,138,355,-217
14557536,27.33,0.11,0.40,4129,3545,584,244,247,-3
14556672,27.30,0.15,0.38,3684,3507,177,501,0,501
14555808,27.26,2.52,0.40,3496,3955,-460,220,145,75
14554944,26.59,-1.12,0.20,1683,1991,-308,0,0,0
14546304,26.89,-0.59,0.17,1382,1852,-470,0,0,0
14545440,27.05,1.05,0.32,3110,2797,313,108,253,-145
14544576,26.77,-1.76,0.45,3512,4723,-1210,373,771,-399
14543712,27.25,1.15,0.37,3943,3094,849,343,0,343
14542848,26.94,-2.00,0.16,971,1908,-936,0,113,-113
14540256,27.49,1.81,0.29,8006,7276,730,184,1025,-841
14539392,27.00,1.54,0.52,4840,4895,-55,184,1025,-841
14538528,26.59,0.38,0.41,3665,3797,-131,0,102,-102
14537664,26.49,-6.06,0.40,2862,4624,-1762,103,363,-261
14536800,28.20,0.07,0.22,1958,2267,-308,212,245,-33
14534208,28.18,1.55,0.37,3616,3447,169,251,531,-280
14533344,27.75,-1.18,0.35,3123,3708,-585,347,245,102
14532480,28.08,-2.16,0.38,3142,4325,-1183,0,269,-269
14531616,28.70,2.72,0.52,6399,3776,2623,1405,0,1405
14530752,27.94,-0.25,0.33,3012,3382,-370,0,142,-142
14528160,28.01,-3.55,0.56,4629,6115,-1486,0,723,-723
14527296,29.04,0.55,0.58,5640,5596,45,260,122,138
14526432,28.88,-1.53,0.41,3127,5056,-1929,148,494,-346
14525568,29.33,-1.21,0.58,5181,6573,-1391,450,1078,-628
14524704,29.69,-2.59,0.64,5533,7569,-2037,432,1547,-1116
14522112,30.48,2.39,0.70,7805,6448,1358,1467,450,1017
14521248,29.77,-5.34,0.12,665,1803,-1138,109,389,-280
14520384,31.45,1.98,0.45,4618,5037,-419,265,727,-462
14519520,30.84,-0.61,0.67,7958,6078,1881,1865,472,1393
14518656,31.03,-6.54,0.55,4438,6943,-2506,562,1680,-1118
14515200,33.20,-0.57,0.67,7052,8505,-1453,1344,1887,-543
14514336,33.39,1.40,0.54,5383,6954,-1571,694,1515,-821
14513472,32.93,0.58,0.52,5452,6295,-843,346,685,-339
14512608,32.74,-2.99,0.62,5822,8004,-2182,336,892,-556
14510016,33.75,0.57,0.49,4867,6478,-1611,102,1119,-1017
14509152,33.56,-1.00,0.56,6011,7184,-1173,215,294,-80
14508288,33.90,0.12,1.17,13107,14739,-1631,2421,2367,54
14507424,33.86,-1.83,1.06,11124,13445,-2321,1727,2806,-1079
14506560,34.49,7.11,2.44,33763,23294,10469,14213,6608,7606
14503968,32.20,0.85,0.60,6103,6664,-562,865,394,472
14503104,31.93,1.33,0.64,6728,7046,-318,213,513,-301
14502240,31.51,0.03,0.28,2972,3197,-225,0,134,-134
14501376,31.50,-0.10,0.50,4754,6026,-1272,0,0,0
14500512,31.53,0.90,0.60,5713,7239,-1526,588,755,-167
14497920,31.25,0.74,0.32,3080,3832,-752,372,0,372
14497056,31.02,-0.39,0.45,4520,5190,-671,644,692,-48
14496192,31.14,-1.55,0.48,4469,6052,-1582,699,1447,-749
14495328,31.63,-2.17,0.32,2764,4172,-1408,159,452,-292
14494464,32.33,1.00,0.42,5131,4231,901,1075,1038,38
14491872,32.01,-1.60,0.55,5090,7023,-1933,209,838,-629
14491008,32.53,-0.06,0.61,5567,8102,-2535,559,791,-231
14490144,32.55,1.66,0.67,7263,7587,-324,352,563,-211
14489280,32.02,1.23,0.60,6449,6635,-186,527,432,95
14488416,31.63,-0.91,0.67,6644,7820,-1176,192,1373,-1181
14485824,31.92,-5.23,0.58,4357,7901,-3545,337,1451,-1114
14484960,33.68,-0.47,0.39,4270,4851,-581,532,537,-6
14484096,33.84,0.95,0.55,6857,5934,923,1459,1618,-159
14483232,33.52,-0.33,0.41,3961,5651,-1691,558,973,-415
14482368,33.63,-0.36,0.45,4047,4588,-541,323,285,38
14479776,33.75,-0.09,0.50,4841,6412,-1572,912,1655,-744
14478912,33.78,0.36,0.63,6306,8403,-2097,1359,3252,-1892
14478048,33.66,-0.80,0.40,3984,5049,-1065,587,732,-146
14477184,33.93,-0.18,0.74,8163,9376,-1212,1509,1922,-413
14476320,33.99,-0.61,0.68,8238,7655,583,1387,1687,-300
14473728,34.20,-1.58,0.40,2964,5727,-2764,0,830,-830
14472864,34.75,-0.34,0.64,6703,7819,-1115,1361,1761,-400
14472000,34.87,-0.37,0.61,7086,7555,-469,369,1261,-892
14471136,35.00,-0.85,0.52,6483,6137,347,762,995,-234
14470272,35.30,0.23,0.81,9034,9626,-593,2638,2289,350
14467680,35.22,1.38,0.97,12329,11072,1258,3192,2534,658
14466816,34.74,0.29,1.37,15365,16120,-755,3677,6552,-2876
14465952,34.64,3.22,0.73,10184,7157,3026,1753,1247,506
14465088,33.56,0.18,0.22,2111,2913,-802,262,269,-7
14464224,33.50,-1.15,0.28,2826,3699,-873,100,761,-661
14461632,33.89,-0.06,0.58,6742,7128,-385,1229,502,727
14460768,33.91,0.18,0.28,2511,3991,-1480,373,476,-104
14459904,33.85,-1.94,0.49,4041,7605,-3564,531,1777,-1245
14459040,34.52,0.03,0.58,7079,6432,647,2169,1824,345
14458176,34.51,1.65,0.80,8991,9902,-911,1589,3414,-1824
14455584,33.95,2.57,0.59,6305,7188,-883,1358,931,427
14454720,33.10,0.88,0.37,4230,4185,45,615,248,367
14453856,32.81,-3.64,0.62,5677,8309,-2632,247,1383,-1136
14452992,34.05,0.03,0.48,5911,5369,542,1028,102,925
14452128,34.04,1.16,0.81,9355,9323,32,1761,2113,-352
14449536,33.65,-0.50,0.38,4151,4897,-746,451,567,-116
14448672,33.82,0.93,0.68,9244,6579,2665,1452,655,797
14447808,33.51,-0.27,0.68,7130,8538,-1409,1520,1408,111
14446944,33.60,0.12,0.64,7820,7027,793,1334,1558,-224
14446080,33.56,3.45,1.19,13793,13109,684,3638,3682,-44
14443488,32.44,0.06,0.41,4641,4699,-57,111,1041,-931
14442624,32.42,0.87,0.52,5281,6644,-1364,588,498,90
14435712,32.14,0.63,0.22,3359,1454,1905,0,0,0
14434848,31.94,-0.09,0.25,2767,2884,-117,617,458,159
14433984,31.97,1.62,0.21,2795,1813,982,238,366,-127
14431392,31.46,-1.32,0.28,2419,3738,-1319,374,104,269
14430528,31.88,0.35,0.28,2735,3562,-827,675,320,356
14429664,31.77,-1.58,0.36,3971,4079,-109,1413,285,1129
14428800,32.28,0.03,0.43,4404,5297,-893,470,911,-441
14427936,32.27,0.16,0.37,3196,5175,-1979,130,242,-112
14425344,32.22,-1.62,0.36,3380,4600,-1220,0,216,-216
14424480,32.75,1.27,1.07,13492,11100,2392,3265,904,2360
14423616,32.34,5.27,0.79,10315,6970,3345,2999,1417,1583
14422752,30.72,-1.51,0.59,5796,6544,-748,1159,1938,-779
14421888,31.19,-3.17,0.51,5448,5682,-233,541,450,90
14419296,32.21,-1.53,0.34,3534,4172,-637,167,0,167
14418432,32.71,-2.30,0.32,2764,4623,-1859,148,664,-516
14417568,33.48,1.67,0.56,6151,6647,-496,613,376,237
14416704,32.93,0.30,0.45,4623,5491,-868,414,250,164
14415840,32.83,-3.67,0.36,3421,5010,-1590,248,102,147
14411520,34.08,1.55,1.46,8660,25494,-16835,4802,14199,-9396
14410656,33.56,0.03,1.20,8692,18710,-10019,2483,10471,-7988
14409792,33.55,-1.67,0.93,8692,12517,-3825,815,4436,-3621
14407200,34.12,3.02,1.25,15148,13589,1559,5061,3656,1405
14406336,33.12,9.89,1.24,13917,13570,347,2735,2967,-232
14405472,30.14,2.03,0.90,8987,9858,-871,1125,1301,-176
14404608,29.54,-5.17,1.45,15449,14759,690,2884,2638,246
14403744,31.15,-10.00,1.51,16846,16039,807,5012,2400,2612
14401152,34.61,-4.15,0.87,8719,12682,-3963,868,2346,-1477
14400288,36.11,-2.30,0.54,5393,8225,-2832,108,1010,-902
14399424,36.96,1.04,0.94,10041,12920,-2879,690,2963,-2273
14398560,36.58,-5.31,1.31,12480,20425,-7945,1638,6124,-4486
14397696,38.63,-1.43,0.92,10074,14405,-4331,1230,4216,-2986
14395104,39.19,-0.89,0.99,11861,14297,-2436,3202,2583,619
14394240,39.54,2.38,1.40,22823,15170,7653,10127,2185,7942
14393376,38.62,-0.92,1.28,17998,16637,1361,7227,4725,2502
14392512,38.98,-0.18,1.41,16447,19944,-3497,3668,3497,170
14391648,39.05,3.83,1.80,26401,21175,5226,9042,5433,3609
14389056,37.61,1.16,0.93,12394,11818,576,2864,2738,126
14388192,37.18,-1.64,0.49,5531,7027,-1496,520,768,-248
14386464,38.86,2.08,1.09,9813,8133,1680,1672,714,958
14385600,38.07,2.45,2.51,21836,43248,-21412,9878,28674,-18796
14383008,37.16,1.78,1.19,12810,17338,-4527,5271,6708,-1437
14382144,36.96,-3.93,2.23,28272,28450,-178,11489,9896,1593
14381280,38.47,1.42,2.67,27198,36178,-8980,13719,21877,-8159
14380416,37.93,3.92,2.51,22545,25886,-3341,11949,15386,-3437
14379552,36.50,-9.97,1.62,17395,19192,-1797,8486,10510,-2024
14376960,40.54,-2.03,1.67,17091,20632,-3542,8584,10313,-1728
14376096,41.38,3.30,1.55,21590,16716,4874,10665,7825,2840
14375232,40.06,-1.06,1.13,12118,16147,-4029,4426,7101,-2676
14374368,40.49,-0.71,0.96,12875,12400,475,5180,3396,1784
14373504,40.78,-1.02,1.22,13810,17533,-3724,5417,7772,-2355
14370912,41.20,4.04,1.67,23747,21613,2135,13166,11734,1432
14370048,39.60,1.59,1.28,16689,15256,1433,8658,7596,1061
14369184,38.98,-6.81,1.63,18116,24639,-6523,7840,11792,-3952
14368320,41.83,-7.19,2.62,34579,40732,-6153,20833,24699,-3866
14367456,45.07,4.47,3.65,52248,52405,-157,34319,38378,-4059
14364864,43.14,9.99,2.99,53281,29450,23831,42121,23315,18806
14364000,39.22,10.01,2.53,34501,29454,5047,26652,22966,3686
14363136,35.65,-10.00,3.82,49370,43432,5937,39358,31698,7660
14362272,39.61,1.46,3.35,36365,49950,-13585,26102,38831,-12729
14361408,39.04,0.57,2.31,29089,29316,-228,16708,19328,-2620
14357952,41.75,-7.39,1.86,24617,26305,-1688,12628,17413,-4785
14357088,45.08,-3.24,1.83,18244,24104,-5860,10790,12650,-1860
14356224,46.59,5.34,2.06,28422,27307,1115,13637,16239,-2603
14355360,44.23,-0.45,2.22,27754,31593,-3838,15531,18597,-3066
14352768,44.43,-10.01,2.59,42506,35632,6874,27372,23405,3967
14351904,49.37,-4.69,1.40,18417,25614,-7197,8138,14683,-6544
14351040,51.80,1.63,1.55,24058,23037,1021,13283,10490,2793
14350176,50.97,6.74,1.76,30614,20612,10002,14929,8812,6117
14346720,47.75,-5.76,1.40,20399,21762,-1363,8611,12324,-3713
14345856,50.67,-2.71,0.95,13947,15373,-1426,5535,6602,-1067
14344992,52.08,1.72,1.23,18361,16659,1702,7519,7633,-114
14344128,51.20,-4.37,1.47,18585,24956,-6371,9380,14898,-5518
14343264,53.54,-3.11,1.75,26957,29802,-2845,15835,16781,-946
14340672,55.26,-1.07,1.75,27108,28920,-1812,15397,17912,-2515
14339808,55.86,1.58,1.94,34444,33778,667,22437,22417,21
14338944,54.99,-0.94,1.51,23662,26886,-3224,11715,16968,-5253
14338080,55.51,-2.31,1.47,24128,28043,-3915,13171,16162,-2991
14337216,56.82,0.89,2.26,29656,41601,-11945,20657,27655,-6999
14334624,56.32,-1.85,3.15,52310,53700,-1390,37268,42658,-5390
14333760,57.38,0.58,2.45,36303,42592,-6289,22241,27944,-5703
14332896,57.05,-0.28,3.37,58417,50451,7966,46520,39902,6618
14332032,57.21,10.00,3.08,64192,43400,20792,50891,31838,19053
14331168,52.01,5.50,2.29,40941,31701,9241,26829,18876,7953
14328576,49.30,-1.71,2.09,33211,30145,3066,22902,21606,1296
14327712,50.16,-6.16,2.36,30778,39463,-8685,21073,29516,-8443
14326848,53.45,2.53,3.44,53464,43802,9662,42454,35784,6670
14325984,52.13,10.00,5.34,126771,40959,85812,115766,34728,81038
14325120,47.39,2.98,2.57,38731,38245,487,28580,29524,-944
14322528,46.02,1.84,1.56,18433,16297,2136,11504,10511,993
14321664,45.19,0.51,0.81,12160,10681,1479,4426,4694,-268
14320800,44.96,-0.16,1.21,20353,15001,5351,10748,8090,2658
14319936,45.03,1.15,0.86,14476,10645,3831,6438,4046,2392
14319072,44.52,-0.31,0.70,10037,11136,-1099,3758,3752,6
14316480,44.66,-0.49,0.95,11653,16644,-4991,6088,9213,-3125
14315616,44.88,-0.58,0.85,11686,13766,-2079,5184,5767,-583
14314752,45.14,1.83,1.41,20331,18894,1437,10598,9591,1006
14313888,44.33,0.02,0.99,13963,14518,-555,6382,7535,-1152
14313024,44.32,0.52,1.41,19890,21278,-1388,10423,9251,1172
14310432,44.09,1.29,0.75,10586,11349,-764,4549,4168,381
14309568,43.53,0.90,0.94,15696,11830,3866,6485,5995,490
14308704,43.14,-0.62,0.86,12869,11822,1047,4103,5511,-1408
14307840,43.41,-2.65,1.11,15542,16627,-1084,6339,6880,-541
14306976,44.59,1.36,0.85,13333,12042,1291,6276,5088,1187
14303520,43.99,-1.03,1.08,13505,19163,-5658,5120,10038,-4918
14302656,44.45,0.77,1.00,16455,13521,2934,7958,7592,365
14301792,44.11,-4.48,1.66,20899,24434,-3535,10948,15466,-4518
14300928,46.18,0.35,1.29,21478,15554,5924,11323,9062,2262
14298336,46.02,-0.80,1.30,20434,20380,54,9970,10487,-517
14297472,46.39,-1.26,1.42,17344,25394,-8051,9128,15566,-6439
14296608,46.98,0.51,1.60,22385,26404,-4019,13019,16638,-3619
14295744,46.74,0.56,2.44,42468,31057,11411,29238,24355,4884
14294880,46.48,-2.35,1.27,18470,20904,-2434,9463,12509,-3046
14292288,47.60,2.21,1.25,18401,18485,-84,10782,9308,1474
14291424,46.57,2.60,1.10,20265,13350,6915,11263,7072,4191
14290560,45.39,-1.52,1.29,17609,21815,-4206,10619,13291,-2672
14289696,46.09,-1.89,1.20,14812,21301,-6488,8221,13722,-5501
14288832,46.98,1.45,1.28,17720,20872,-3152,9006,12317,-3311
14286240,46.31,-0.67,1.62,24712,24815,-104,14999,16240,-1241
14285376,46.62,5.40,2.65,37093,36005,1087,26608,25728,880
14284512,44.23,-0.83,1.36,16289,17300,-1011,7434,8891,-1457
14283648,44.60,2.95,1.83,26879,25145,1734,16562,15527,1035
14280192,43.32,0.77,1.00,14991,14173,818,7807,7517,291
14279328,42.99,0.19,1.45,16287,24829,-8542,8424,16825,-8401
14278464,42.91,0.87,1.07,16628,14103,2526,8005,8325,-320
14277600,42.54,-2.43,1.46,20895,20812,83,10953,13671,-2718
14276736,43.60,1.87,1.30,19600,18868,732,10434,12801,-2368
14274144,42.80,-0.53,0.71,9391,11127,-1736,2912,3851,-938
14273280,43.03,2.16,1.52,24445,18205,6239,15647,9216,6431
14272416,42.12,1.03,1.53,21012,21546,-534,12174,11557,616
14271552,41.69,-0.90,1.19,16818,16700,118,7243,7393,-150
14270688,42.07,1.82,1.21,20600,13666,6934,11107,6241,4866
14268096,41.32,-0.27,1.41,20181,19437,744,11175,11729,-554
14267232,41.43,-1.12,1.85,19287,32486,-13199,11863,25395,-13532
14266368,41.90,2.27,1.32,21556,15642,5914,11420,7944,3476
14265504,40.97,-0.19,1.18,17594,15723,1872,8601,7618,983
14264640,41.05,1.89,1.00,15675,11833,3842,6865,4357,2508
14262048,40.29,1.54,0.72,9836,9436,399,2499,3012,-513
14261184,39.68,-0.25,0.59,9995,6086,3909,3467,2323,1144
14260320,39.78,-0.53,0.58,7469,8527,-1057,2465,3025,-560
14259456,39.99,-0.22,0.40,5618,5390,228,2160,1968,192
14258592,40.08,-0.05,0.63,8689,8273,417,2028,2385,-357
14256000,40.10,-0.40,0.63,7204,10062,-2858,1522,4446,-2923
14255136,40.26,-1.30,0.62,5995,11124,-5129,1980,4806,-2826
14254272,40.79,1.32,0.78,13476,8153,5322,3536,1781,1755
14253408,40.26,0.30,0.94,12074,12883,-809,4882,5224,-343
14252544,40.14,0.20,0.86,10175,13187,-3011,3421,8192,-4771
14249952,40.06,-0.60,0.53,6216,8022,-1806,915,1987,-1072
14248224,40.30,0.83,0.60,8821,7564,1257,3266,1398,1869
14241312,39.97,-0.30,0.40,4921,5918,-997,862,2359,-1497
14240448,40.09,0.20,0.45,5028,7303,-2275,1190,3038,-1848
14237856,40.01,0.45,0.51,5309,8318,-3009,1504,2374,-871
14236992,39.83,-0.82,0.33,3551,5464,-1913,473,1059,-586
14236128,40.16,0.15,0.25,3535,3498,36,663,967,-304
14235264,40.10,1.29,0.38,4921,5144,-223,1168,855,313
14234400,39.59,0.15,0.32,4914,3695,1218,1175,545,630
14231808,39.53,-0.68,0.41,4547,6319,-1772,602,1080,-478
14230944,39.80,-0.90,0.67,8207,9943,-1737,4420,3558,862
14230080,40.16,-1.74,0.55,5344,10017,-4673,999,3711,-2712
14229216,40.87,-0.44,0.62,6890,10162,-3272,2245,3504,-1259
14228352,41.05,-0.53,0.36,2905,7095,-4190,553,2192,-1639
14225760,41.27,0.32,0.55,7434,8137,-703,2836,2398,438
14224896,41.14,-1.79,0.48,5994,7396,-1402,1531,1879,-347
14224032,41.89,-1.23,0.51,5868,8502,-2634,1259,2350,-1091
14223168,42.41,2.94,1.40,18208,20376,-2168,9272,8069,1204
14222304,41.20,0.78,0.53,6964,7897,-933,1762,2284,-522
14219712,40.88,-1.06,0.55,7634,7777,-143,2657,2720,-62
14218848,41.32,0.34,0.68,6830,12155,-5325,2969,4382,-1413
14217984,41.18,1.15,0.76,10259,11006,-746,3285,3276,9
14217120,40.71,0.82,0.64,5717,11634,-5916,1099,4499,-3400
14216256,40.38,-3.19,0.51,5392,8900,-3508,1713,3511,-1798
14213664,41.71,0.39,0.41,5099,6449,-1350,1485,1374,111
14212800,41.55,0.14,0.31,3403,5185,-1782,58,712,-654
14211936,41.49,1.29,0.53,6982,8066,-1084,2975,2952,23
14211072,40.96,-0.22,0.53,8355,6416,1939,3785,2699,1086
14210208,41.05,-1.16,0.44,5972,6391,-419,1217,1087,130
14207616,41.53,-0.98,0.74,12217,9085,3133,2732,1818,914
14206752,41.94,-0.47,0.40,5961,5294,667,779,733,46
14205888,42.14,-1.40,0.45,5328,7241,-1912,817,1984,-1166
14205024,42.74,0.66,0.97,13336,14245,-908,4734,5589,-855
14204160,42.46,1.63,1.15,19930,12828,7103,8382,5817,2565
14199840,41.78,2.98,1.14,18759,12371,6389,9258,5442,3816
14198976,40.57,-0.02,0.60,7419,9039,-1621,2379,4244,-1865
14198112,40.58,-1.00,0.71,12236,7437,4800,4679,2237,2442
14195520,40.99,0.91,0.40,6509,4592,1917,623,849,-226
14193792,40.62,1.12,0.52,6023,8145,-2121,2410,2139,270
14192928,40.17,0.48,0.66,9040,9349,-309,2862,2619,243
14192064,39.98,-1.67,0.62,7261,9175,-1914,1383,1724,-341
14189472,40.66,-0.83,0.51,6636,7415,-778,1285,2515,-1231
14188608,41.00,0.20,0.54,8507,6298,2209,1851,1007,844
14187744,40.92,-1.75,1.07,11869,18340,-6470,5754,9270,-3516
14186880,41.65,-1.30,0.66,6640,12018,-5378,1810,3278,-1467
14186016,42.20,-1.22,0.80,11594,11471,123,4364,3632,732
14183424,42.72,1.59,0.86,10628,14014,-3386,5063,9271,-4209
14182560,42.05,-3.20,0.68,7300,11853,-4552,1674,2330,-656
14181696,43.44,3.92,1.50,22020,20723,1297,14456,13660,796
14179968,41.80,1.21,0.76,10386,11220,-834,4759,4244,515
14177376,41.30,-1.22,0.85,12993,10754,2239,5393,3883,1510
14176512,41.81,0.75,0.73,11056,9250,1806,4535,4233,301
14175648,41.50,3.11,1.62,23804,20971,2833,15334,12915,2420
14174784,40.25,2.26,1.15,18679,12734,5945,10256,6209,4046
14173920,39.36,0.54,0.57,7486,7840,-354,3111,2780,331
14171328,39.15,-0.61,0.55,5039,9564,-4525,1156,1440,-284
14170464,39.39,-0.48,0.64,6948,10661,-3713,3268,3989,-721
14169600,39.58,0.51,0.60,8649,7555,1094,2790,2620,170
14168736,39.38,1.34,0.76,9671,10701,-1030,3767,5062,-1295
14167872,38.86,0.80,0.60,10014,6065,3949,3548,1328,2220
14165280,38.55,0.05,0.33,5013,3740,1273,1905,1355,549
14164416,38.53,-0.03,0.22,2543,3164,-621,208,197,11
14163552,38.54,-0.80,0.31,3517,4776,-1260,837,1688,-851
14162688,38.85,-1.25,0.55,5463,9050,-3587,1049,3116,-2066
14161824,39.34,-0.83,0.80,8996,12513,-3517,3574,5490,-1915
14159232,39.67,1.46,0.72,10807,8627,2180,4133,3481,652
14158368,39.10,-0.03,0.44,5562,6454,-892,2303,2340,-38
14157504,39.11,0.59,0.53,6281,8025,-1743,1993,2353,-360
14156640,38.88,0.26,0.79,10886,10230,656,6087,3857,2231
14155776,38.78,1.20,0.60,8076,7814,262,2920,2632,289
14153184,38.32,0.21,0.54,9144,5083,4061,3384,1594,1790
14152320,38.24,0.87,0.37,5415,4246,1169,2352,2316,35
14149728,38.43,-1.26,0.78,6926,13633,-6708,2378,8666,-6287
14147136,38.92,-0.08,0.51,7411,6106,1306,2553,2403,151
14146272,38.95,1.06,0.80,7957,13071,-5113,4948,7245,-2297
14145408,38.54,1.45,0.52,6850,6932,-82,3019,1530,1488
14144544,37.99,1.60,0.36,5059,4160,899,1829,1017,812
14143680,37.39,-2.07,0.44,4648,6637,-1989,720,2423,-1703
14141088,38.18,-0.16,0.22,2940,2553,387,711,530,181
14140224,38.24,-1.44,0.40,5090,5437,-347,1690,2561,-871
14139360,38.80,-0.39,0.23,2832,3359,-527,683,876,-192
14138496,38.95,-0.92,0.29,3441,4362,-921,342,1021,-679
14137632,39.31,0.51,0.37,5110,4991,119,932,897,34
14135040,39.11,0.59,0.47,6770,5631,1139,1179,1769,-590
14134176,38.88,-0.23,0.36,4873,4669,205,1026,1687,-661
14133312,38.97,0.52,0.24,3149,3378,-229,813,1231,-418
14132448,38.77,-0.41,0.44,3652,7948,-4295,1126,1928,-802
14131584,38.93,-0.97,0.57,4952,10214,-5262,1033,4737,-3704
14128992,39.31,-1.31,0.72,5914,13243,-7329,1512,4212,-2700
14128128,39.83,0.71,0.59,8312,7796,516,3868,2189,1679
14127264,39.55,1.10,0.81,9461,12380,-2920,4013,2046,1967
14119488,39.07,0.18,0.46,3460,8730,-5270,471,2948,-2477
14116896,39.00,-0.81,0.47,4909,7506,-2597,733,1235,-502
14116032,39.32,-0.51,0.44,5463,6351,-887,957,1339,-382
14115168,39.52,0.87,0.41,6726,4456,2271,1885,1541,344
14114304,39.18,0.38,0.21,2553,3049,-496,401,420,-20
14109984,39.48,-0.15,0.37,4231,5828,-1598,1741,1543,199
14109120,39.54,0.36,0.37,3586,6443,-2856,495,2691,-2196
14108256,39.40,-0.61,0.52,7318,6765,553,3488,1714,1775
14107392,39.64,-1.00,0.65,7214,10629,-3415,2928,4366,-1438
14104800,40.04,0.35,0.29,2834,5037,-2204,872,1657,-785
14103936,39.90,-1.07,0.42,4059,7398,-3339,390,951,-561
14103072,40.33,-0.57,0.24,3109,3443,-333,459,233,225
14102208,40.56,-0.34,0.28,3454,4354,-900,672,1597,-925
14098752,40.70,0.77,0.39,6092,4810,1282,1653,1619,35
14097888,40.39,0.32,0.44,6462,5569,893,2526,2082,444
14097024,40.26,0.60,0.57,8967,6380,2588,2613,1707,906
14096160,40.02,0.55,0.32,4448,4320,128,887,511,377
14095296,39.80,0.33,0.32,4248,4284,-36,865,1032,-167
14092704,39.67,2.59,0.50,8709,4951,3758,2461,1552,909
14091840,38.67,-0.67,0.34,3410,5454,-2044,707,2608,-1901
14090976,38.93,-0.08,0.31,4354,3959,395,894,1551,-657
14090112,38.96,-1.57,0.40,4733,5990,-1257,1341,2966,-1625
14089248,39.58,-0.65,0.22,2444,3596,-1152,351,1446,-1095
14086656,39.84,-0.20,0.81,7312,14826,-7515,3126,6605,-3480
14085792,39.92,-0.22,0.25,3403,3410,-7,946,801,145
14084928,40.01,0.40,0.38,5340,5052,287,1756,1042,714
14084064,39.85,-0.80,0.70,7156,12054,-4898,2954,5158,-2204
14083200,40.17,0.15,0.60,6309,10310,-4001,1715,4212,-2498
14080608,40.11,0.15,0.45,5432,6581,-1149,1346,2047,-701
14079744,40.05,0.03,0.35,3935,5703,-1768,956,1694,-738
14078880,40.04,-0.69,0.45,4654,7818,-3164,1610,3962,-2352
14078016,40.32,-1.01,0.39,2804,7929,-5125,267,3368,-3100
14077152,40.73,1.04,0.31,4790,3852,938,982,765,216
14074560,40.31,0.35,0.29,4391,3683,708,715,662,53
14073696,40.17,-4.06,0.96,11316,15456,-4141,4139,7338,-3199
14072832,41.87,0.19,0.35,4823,5273,-450,2149,1836,313
14071968,41.79,-1.18,0.35,3951,6163,-2211,1993,2949,-956
14071104,42.29,1.05,0.30,5022,3783,1239,1325,1182,143
14068512,41.85,0.24,0.41,5097,6550,-1453,2065,2684,-619
14067648,42.20,-0.05,0.29,2826,5495,-2669,511,2687,-2175
14066784,42.22,0.33,0.30,4325,4384,-59,1927,1917,10
14065920,42.08,0.41,0.44,6640,6053,588,3243,2071,1172
14065056,41.91,2.37,0.71,11237,9168,2069,6043,3126,2917
14062464,40.94,0.07,0.40,4291,6849,-2558,921,1601,-680
14061600,40.91,1.79,0.42,6069,5607,462,1919,1885,34
14060736,40.19,-0.30,0.18,2504,2535,-31,520,55,465
14059872,40.31,0.85,0.33,4516,4706,-191,2507,1959,548
14059008,39.97,-0.42,0.21,2627,3246,-619,666,1036,-370
14056416,40.14,0.83,0.34,4815,4596,219,2004,1124,880
14055552,39.81,0.15,0.28,2675,4995,-2320,1026,2891,-1865
14054688,39.75,-0.05,0.38,5031,5305,-274,1435,591,844
14053824,39.77,1.27,0.51,7838,6121,1717,4749,2273,2476
14052960,39.27,0.82,0.30,3436,4581,-1145,789,1544,-754
14050368,38.95,0.88,0.30,3519,4533,-1013,1385,2100,-715
14049504,38.61,-1.00,0.48,4255,8600,-4345,1093,4439,-3347
14048640,39.00,-2.48,0.64,5751,11301,-5549,1713,4995,-3282
14047776,39.99,0.45,0.20,2918,2592,326,1125,492,633
14046912,39.81,0.15,0.26,2904,4118,-1214,361,1281,-920
14043456,39.75,-0.53,0.36,3896,6023,-2127,832,3601,-2769
14042592,39.96,0.55,0.32,4462,4449,13,453,696,-244
14041728,39.74,-0.80,0.37,3129,7120,-3991,372,1412,-1040
14040864,40.06,0.15,0.43,6839,5003,1836,2381,2354,26
14037408,40.09,0.23,0.17,2565,2054,511,472,711,-239
14036544,40.00,0.78,0.34,4690,4564,125,572,269,303
14035680,39.69,-0.80,0.30,3062,5106,-2044,483,1354,-871
14034816,40.01,-0.27,0.30,3425,3575,-150,1521,1152,369
14032224,40.12,-0.45,0.46,4737,6806,-2069,2098,4726,-2628
14031360,40.30,-1.27,0.27,2664,4841,-2176,307,1720,-1413
14030496,40.82,0.79,0.36,4736,5370,-634,1974,2240,-266
14029632,40.50,-0.98,0.33,4189,5168,-979,1146,2191,-1045
14028768,40.90,0.20,0.61,8604,8258,346,3903,3702,201
14026176,40.82,-1.45,1.06,13008,16790,-3782,6741,9836,-3095
14025312,41.42,-1.33,0.32,3438,5548,-2109,804,1691,-888
14024448,41.98,0.89,0.46,9489,3906,5583,6249,957,5292
14023584,41.61,-0.07,0.34,4992,4728,264,819,691,128
14022720,41.64,0.39,0.38,5312,5668,-357,832,1236,-404
14020128,41.48,-0.29,0.19,2151,3197,-1046,258,734,-476
14019264,41.60,0.05,0.26,3555,3981,-426,358,958,-600
14018400,41.58,-1.12,0.41,5130,6576,-1445,1699,2002,-304
14017536,42.05,-1.06,0.37,3067,7641,-4574,668,2335,-1667
14014080,42.50,0.90,0.31,4782,4309,473,1203,1041,162
14013216,42.12,-1.73,0.21,3072,3098,-26,165,813,-648
14012352,42.86,1.76,0.35,5797,4410,1387,1872,1950,-78
14011488,42.12,-1.73,0.35,4032,5934,-1902,987,1762,-775
14010624,42.86,-0.74,0.33,4242,5512,-1270,1410,1546,-136
14008032,43.18,0.91,0.30,4791,3931,860,1518,602,917
14007168,42.79,0.21,0.45,4872,8203,-3331,1143,1556,-413
14006304,42.70,2.59,0.60,8359,8929,-569,3370,2401,969
14005440,41.62,0.80,0.42,5467,6209,-742,1999,1351,648
14004576,41.29,1.40,0.50,6352,7364,-1012,2032,2040,-9
14001984,40.72,2.06,0.21,3813,2074,1739,491,361,130
14001120,39.90,-2.80,0.26,2407,4808,-2401,352,775,-423
14000256,41.05,0.84,0.41,7150,4476,2674,2551,724,1826
13999392,40.71,0.07,0.23,3425,2971,454,884,958,-74
13998528,40.68,2.73,0.27,4062,3414,648,847,249,598
13995936,39.60,-0.88,0.14,1650,2086,-435,0,116,-116
13995072,39.95,1.06,0.23,4019,2229,1790,831,217,614
13994208,39.53,-0.45,0.16,1915,2500,-585,238,864,-625
13993344,39.71,-1.44,0.36,3856,5954,-2098,777,1578,-801
13992480,40.29,0.42,0.35,4363,5168,-805,1616,1799,-184
13988160,40.12,1.72,0.51,5499,8559,-3060,2539,4768,-2229
13987296,39.44,2.95,0.14,2139,1578,561,181,248,-67
13986432,38.31,-1.47,0.19,2375,2794,-420,188,865,-677
13983840,38.88,-1.89,0.22,2020,3967,-1947,550,827,-278
13982976,39.63,-1.25,0.23,2437,3796,-1359,572,1465,-893
13982112,40.13,-0.17,0.19,1655,3590,-1935,575,1642,-1067
13981248,40.20,0.30,0.18,1915,2948,-1032,528,1389,-861
13980384,40.08,-2.62,0.17,1587,3188,-1602,60,930,-869
13977792,41.16,1.76,0.34,6107,3546,2561,1625,623,1002
13976928,40.45,0.17,0.25,3344,3733,-389,996,1266,-270
13976064,40.38,-0.32,0.25,2061,4996,-2935,185,1139,-955
13975200,40.51,0.05,0.32,4736,4069,667,2141,980,1161
13974336,40.49,-1.10,0.38,5286,5206,81,1634,1873,-239
13971744,40.94,-2.06,0.90,11684,13549,-1865,3763,5352,-1589
13970880,41.80,5.96,1.19,18468,14529,3939,12349,7830,4519
13970016,39.45,0.74,0.25,4480,2044,2436,986,163,822
13969152,39.16,1.48,0.37,4611,5306,-695,818,927,-109
13965696,38.59,1.66,0.43,5621,5234,387,2594,3144,-550
13964832,37.96,-1.91,0.50,6820,6401,419,2073,1762,310
13963968,38.70,1.04,0.36,6173,3507,2666,2645,967,1678
13963104,38.30,0.24,0.26,3108,3577,-469,353,484,-131
13962240,38.21,0.08,0.20,3603,1581,2021,129,0,129
13959648,38.18,0.53,0.31,4082,3994,87,737,1267,-529
13958784,37.98,-1.68,0.43,5254,5870,-616,1188,2689,-1501
13957920,38.63,-2.50,0.66,9454,7940,1515,2028,3434,-1406
13957056,39.62,0.23,0.17,2427,2205,223,234,158,76
13956192,39.53,0.89,0.39,5536,4920,616,2472,2404,68
13953600,39.18,1.01,0.42,7189,4044,3145,2004,1449,555
13952736,38.79,0.03,0.41,6108,4632,1475,1127,837,290
13951872,38.78,-1.57,0.59,6243,8923,-2680,1538,2402,-864
13951008,39.40,-0.35,0.77,8900,11969,-3069,3014,6447,-3433
13950144,39.54,-0.23,0.70,9125,9495,-370,4147,4467,-320
13947552,39.63,-5.26,0.78,8759,12023,-3264,3013,5353,-2339
13946688,41.83,-0.57,0.31,2952,6085,-3134,957,1545,-589
13945824,42.07,0.19,0.35,6299,3733,2566,1503,1179,324
13944960,41.99,3.09,0.51,7561,6952,609,2990,1990,1000
13941504,40.73,2.59,0.42,6500,5158,1342,2566,1680,886
13940640,39.70,-0.25,0.34,3749,5544,-1795,1468,2196,-728
13939776,39.80,-1.90,0.33,4330,4798,-467,1164,1817,-653
13938912,40.57,-1.07,0.23,2354,3886,-1532,110,1381,-1271
13938048,41.01,0.47,0.34,4654,4698,-43,979,1421,-441
13935456,40.82,3.05,0.47,8030,4824,3207,3688,1967,1721
13934592,39.61,-1.00,0.27,3483,3792,-308,684,1266,-582
13933728,40.01,0.05,0.23,2690,3481,-790,824,1646,-822
13932864,39.99,0.81,0.46,6461,5903,558,2607,2814,-207
13932000,39.67,-2.75,0.81,8811,12646,-3836,2258,6978,-4721
13929408,40.79,-1.40,0.43,5919,6250,-331,977,3581,-2604
13928544,41.37,2.07,1.08,17875,12137,5738,9525,6478,3047
13927680,40.53,-0.02,0.71,9740,9850,-110,1840,3168,-1328
13926816,40.54,-2.34,0.73,8743,11256,-2513,2074,5599,-3524
13925952,41.51,-0.74,1.23,14846,18519,-3673,6641,9370,-2729
13923360,41.82,-0.31,0.30,3568,5046,-1478,411,1493,-1082
13922496,41.95,-1.01,0.30,4024,4437,-413,1024,1756,-732
13921632,42.38,-2.37,0.30,3983,4750,-768,958,1524,-565
13920768,43.41,2.02,0.28,3985,4138,-153,534,828,-293
13919904,42.55,1.50,0.25,3099,4221,-1122,819,1188,-368
13917312,41.92,-0.14,0.20,3339,2500,839,1501,713,788
13910400,41.98,4.01,0.58,10576,6022,4553,5182,2652,2530
13909536,40.36,-1.46,0.61,8657,8412,244,4691,4986,-295
13908672,40.96,-2.48,0.54,6256,9009,-2754,1928,5078,-3149
13907808,42.00,-2.44,0.53,7033,8113,-1080,1937,1530,407
13905216,43.05,-1.13,0.33,4680,5276,-595,2066,2074,-8
13904352,43.54,-0.46,0.34,4554,5742,-1188,2274,3534,-1260
13903488,43.74,1.46,0.31,5370,3608,1761,1820,1203,617
13902624,43.11,0.19,0.27,4589,3438,1151,2053,2488,-435
13901760,43.03,-2.05,0.27,4042,3766,276,1732,1447,285
13899168,43.93,-2.70,0.32,2539,7024,-4485,556,3110,-2554
13898304,45.15,2.66,0.47,5835,7503,-1669,1667,3057,-1390
13897440,43.98,-0.18,0.43,5153,7541,-2387,1445,3524,-2079
13896576,44.06,-0.97,0.79,13319,10718,2601,8313,7725,589
13895712,44.49,-0.98,0.57,8989,8226,763,3151,4942,-1791
13893120,44.93,-1.12,0.30,3689,5602,-1914,1050,2345,-1295
13892256,45.44,-2.30,0.54,4664,12600,-7936,2207,10224,-8017
13890528,46.51,-0.41,0.42,3399,9483,-6084,1125,5303,-4178
13889664,46.70,-1.87,0.27,4215,4385,-170,1205,1573,-368
13887072,47.59,-0.46,0.22,4245,3022,1223,2318,764,1554
13886208,47.81,-2.33,0.37,5182,7058,-1876,2224,3451,-1228
13884480,48.95,-1.65,0.33,4995,6106,-1111,2807,3625,-818
13883616,49.77,5.02,0.48,7961,8005,-43,2421,2223,198
13881024,47.39,2.00,0.15,3389,1612,1777,643,92,552
13880160,46.46,-1.96,0.23,4032,3537,494,866,1956,-1091
13879296,47.39,4.27,0.29,6342,2978,3364,1596,779,817
13878432,45.45,1.04,0.23,3529,3642,-113,1268,1199,68
13877568,44.98,0.04,0.14,1966,2056,-90,101,0,101
13874976,44.96,-0.46,0.32,3604,6373,-2769,1169,2817,-1649
13874112,45.17,0.71,0.29,2850,6223,-3373,406,1735,-1329
13873248,44.85,-1.52,0.18,2297,3337,-1040,394,834,-440
13872384,45.54,-2.09,0.27,2138,6361,-4224,325,3414,-3089
13871520,46.51,1.91,0.41,14004,6239,7766,9679,3210,6469
13868064,44.98,-0.60,0.11,1746,1520,226,103,56,46
13867200,45.25,-2.56,0.11,1070,2487,-1417,148,1228,-1080
13866336,46.44,0.02,0.12,1537,2169,-632,399,267,132
13865472,46.43,0.48,0.19,4497,1605,2892,1695,248,1447
13862880,46.21,-0.37,0.08,2072,919,1153,578,55,523
13862016,46.38,2.79,0.15,3065,1798,1267,478,255,223
13861152,45.12,-0.49,0.30,4171,6223,-2053,2493,4018,-1525
13860288,45.34,3.56,0.19,3464,2476,989,971,574,397
13859424,43.78,-3.50,0.23,2684,4321,-1637,814,1178,-364
13856832,45.37,-0.02,0.10,3191,1895,1296,2295,616,1679
13855968,45.38,1.39,0.18,4353,3065,1288,1942,1138,804
13855104,44.76,0.77,0.16,2771,1706,1065,567,312,255
13854240,44.42,-0.38,0.17,2563,2803,-241,707,1232,-525
13853376,44.59,-3.51,0.25,2173,5791,-3618,983,3505,-2522
13850784,46.21,-0.37,0.17,2103,3268,-1166,972,1268,-296
13849920,46.38,-0.09,0.17,2296,3130,-835,841,794,47
13849056,46.42,3.02,0.19,3365,2469,897,669,330,339
13848192,45.06,-1.36,0.20,2187,6665,-4478,361,4287,-3925
13847328,45.68,2.03,0.32,5343,4838,505,1749,1534,215
13844736,44.77,2.73,0.54,8559,8062,496,4778,5254,-475
13843872,43.58,1.87,0.43,7310,5487,1823,3028,2476,552
13843008,42.78,-1.61,0.32,4653,5582,-928,1723,3190,-1467
13842144,43.48,0.98,0.34,4703,5498,-795,2927,3968,-1040
13841280,43.06,0.40,0.22,3703,2947,756,1568,1244,324
13838688,42.89,-0.28,0.08,1410,960,451,52,0,52
13837824,43.01,-0.30,0.35,4598,5803,-1205,1323,3150,-1828
13836960,43.14,-2.66,0.40,3334,8564,-5229,1158,5728,-4570
13836096,44.32,-2.79,0.37,3013,7903,-4890,1919,3605,-1686
13835232,45.59,-1.30,0.19,2849,3003,-154,1110,1251,-140
13832640,46.19,1.54,0.28,5399,3145,2254,2012,721,1291
13831776,45.49,-1.71,0.46,7577,7012,565,3361,4432,-1071
13830912,46.28,-1.80,0.23,3240,3950,-710,1012,1229,-217
13830048,47.13,-0.53,0.35,5219,5862,-643,1771,2494,-723
13829184,47.38,4.09,0.28,5641,2888,2752,2437,581,1855
13826592,45.52,-1.47,0.13,1294,2854,-1560,55,415,-359
13825728,46.20,-0.69,0.17,4265,3448,817,2681,1984,697
13824864,46.52,-2.21,0.25,3385,5643,-2259,933,3119,-2186
13824000,47.57,-2.70,0.29,3149,6669,-3520,665,2416,-1751
13823136,48.89,4.20,0.32,6564,4239,2324,2856,1087,1768
13820544,46.92,1.03,0.36,6347,5393,954,2222,2053,169
13819680,46.44,-0.96,0.27,3135,5173,-2037,594,1621,-1027
13818816,46.89,-0.11,0.62,10078,9817,261,3146,5440,-2294
13817952,46.94,0.15,0.74,9673,14454,-4781,5634,9210,-3576
13817088,46.87,7.85,1.64,21965,31743,-9779,17382,26623,-9241
13814496,43.46,3.72,0.90,14612,12350,2261,8456,8594,-138
13813632,41.90,-0.99,0.45,5757,6889,-1131,2818,4635,-1817
13812768,42.32,-0.77,0.19,1918,3762,-1844,361,919,-558
13811904,42.65,-0.47,0.21,2980,3144,-165,842,917,-75
13804992,42.85,-1.34,0.16,2621,2020,601,539,116,423
13802400,43.43,3.48,0.58,10713,6273,4440,7132,2673,4459
13801536,41.97,-0.31,0.36,5015,5309,-294,2049,2731,-682
13800672,42.10,1.54,0.38,5841,5331,511,1331,2755,-1424
13799808,41.46,1.97,0.39,6484,4359,2126,1920,965,955
13798944,40.66,-0.17,0.27,2620,4956,-2336,607,2365,-1757
13794624,40.73,-0.10,0.16,1504,3136,-1632,82,201,-119
13793760,40.77,0.32,0.22,2947,3088,-141,638,1027,-390
13792896,40.64,-2.38,0.51,5983,8396,-2413,2234,4485,-2251
13790304,41.63,-0.07,0.24,3229,3797,-568,434,1254,-820
13789440,41.66,-0.69,0.19,2733,2605,128,389,621,-232
13788576,41.95,-0.94,0.28,2736,5232,-2496,605,2573,-1968
13787712,42.35,0.45,0.26,4901,2681,2220,1743,540,1203
13786848,42.16,1.54,0.24,4050,2737,1312,1128,394,734
13784256,41.52,-0.91,0.34,3815,6043,-2228,2325,4294,-1969
13783392,41.90,0.94,0.35,5701,4273,1428,2220,2097,123
13782528,41.51,0.02,0.26,3475,3818,-343,176,1232,-1056
13780800,41.50,3.36,0.43,7567,4713,2853,3103,1505,1598
13778208,40.15,1.31,0.45,5174,7170,-1996,1506,2150,-644
13777344,39.63,-1.27,0.19,1769,3483,-1715,235,1057,-822
13776480,40.14,-0.82,0.25,2748,4102,-1353,203,687,-483
13775616,40.47,-0.93,0.27,3424,4125,-701,1113,1645,-532
13774752,40.85,1.62,0.22,3977,2049,1928,662,324,338
13772160,40.20,-2.05,0.30,3812,4500,-688,1002,1697,-695
13771296,41.04,-0.87,0.30,3553,4744,-1191,659,1169,-510
13770432,41.40,0.98,0.17,1916,2939,-1024,265,1037,-771
13769568,41.00,-0.70,0.39,4497,6535,-2039,1054,2729,-1675
13768704,41.29,0.54,0.24,4268,2572,1696,1721,496,1225
13766112,41.07,-3.16,0.37,4815,5595,-780,2087,1271,817
13765248,42.41,-1.53,0.28,4027,4295,-268,1178,1352,-174
13764384,43.07,-1.15,0.32,4028,5505,-1477,780,1942,-1162
13763520,43.57,-1.29,0.34,5130,4975,155,1018,1601,-583
13762656,44.14,2.18,0.52,9486,5955,3531,2962,1637,1325
13760064,43.20,1.31,0.48,7049,6664,385,1310,1148,163
13759200,42.64,2.25,0.28,4835,3335,1500,1149,612,538
13758336,41.70,-2.07,0.46,4085,9264,-5179,1964,6816,-4852
13757472,42.58,-0.70,0.33,4781,5027,-246,1387,2195,-808
13756608,42.88,2.22,0.34,6000,3973,2027,2283,1119,1163
13754016,41.95,0.96,0.24,4151,2675,1476,1497,409,1088
13753152,41.55,1.84,0.35,5781,4026,1755,2095,1286,809
13752288,40.80,-1.45,0.26,3912,3555,357,1838,1651,186
13751424,41.40,-0.96,0.31,4629,4135,494,1644,1471,173
13750560,41.80,1.26,0.29,3964,4383,-420,1254,1092,162
13747968,41.28,-1.27,0.32,4313,4771,-459,1711,901,810
13747104,42.21,5.21,0.76,13539,7954,5585,7609,3124,4485
13746240,40.12,-0.20,0.23,2724,3682,-959,677,807,-130
13745376,40.20,1.93,0.20,3737,1901,1836,788,169,619
13744512,39.44,1.89,0.11,1828,1114,715,417,0,417
13741920,38.71,-1.15,0.21,2700,2844,-144,71,470,-399
13741056,39.16,0.93,0.20,2560,2915,-355,242,658,-416
13740192,38.80,-3.36,0.29,3187,4529,-1342,873,1796,-923
13739328,40.15,-0.64,0.21,2453,3478,-1024,978,1085,-107
13738464,40.41,1.63,0.39,6263,4476,1787,2030,1422,608
13735872,39.76,-0.55,0.41,5146,6264,-1118,1263,1967,-704
13735008,39.98,1.06,0.35,6255,3668,2588,1512,891,620
13734144,39.56,0.05,0.17,2347,2284,64,218,223,-5
13733280,39.54,0.30,0.23,3548,2770,777,512,653,-141
13732416,39.42,0.82,0.25,4661,1927,2734,1093,314,779
13729824,39.10,-0.58,0.13,1616,1820,-204,186,223,-37
13728960,39.33,1.18,0.25,4329,2423,1906,1272,218,1054
13728096,38.87,0.28,0.30,4410,3552,859,456,200,257
13727232,38.76,-0.49,0.48,6655,6052,603,2999,1346,1653
13726368,38.95,2.55,0.33,5684,3038,2647,2572,763,1809
13723776,37.98,3.83,0.42,7053,3701,3351,2069,722,1347
13722912,36.58,0.47,0.30,4114,3245,869,334,345,-11
13722048,36.41,-0.27,0.45,5185,6052,-868,1274,760,515
13721184,36.51,0.75,0.47,5927,5566,361,1324,1017,307
13720320,36.24,-4.61,0.39,4532,5018,-486,1238,1953,-716
13717728,37.99,-0.94,0.32,2985,5244,-2259,725,2559,-1835
13716864,38.35,-0.65,0.33,3214,5576,-2362,911,3349,-2438
13716000,38.60,2.80,0.32,3379,4702,-1323,1064,1933,-869
13715136,37.55,-0.48,0.19,2149,2811,-662,767,487,279
13714272,37.73,-1.02,0.15,1299,2720,-1421,255,347,-92
13711680,38.12,1.28,0.25,3043,3331,-289,671,768,-97
13710816,37.64,-1.67,0.32,2084,6003,-3919,348,2598,-2250
13705632,38.28,-1.19,0.24,2286,4194,-1908,555,2088,-1533
13704768,38.74,-0.26,0.18,2511,2344,167,1039,646,393
13703904,38.84,0.31,0.17,2084,2488,-404,713,1313,-600
13703040,38.72,-0.28,0.22,2236,3598,-1362,293,360,-67
13702176,38.83,-0.21,0.28,3158,4316,-1158,801,1213,-412
13699584,38.91,-2.01,0.16,1333,2959,-1626,226,458,-232
13698720,39.71,-0.38,0.30,4262,3822,440,1335,869,466
13697856,39.86,2.39,0.59,11152,4918,6234,6895,2674,4221
13696992,38.93,1.35,0.23,3606,2409,1198,976,649,327
13696128,38.41,0.39,0.19,1917,3174,-1257,382,669,-286
13693536,38.26,-0.13,0.17,2099,2427,-328,159,392,-233
13692672,38.31,-1.24,0.26,2618,4225,-1607,797,1748,-951
13691808,38.79,0.34,0.40,4718,5872,-1155,1931,3707,-1776
13690080,38.66,1.90,0.38,5537,4531,1006,2312,2068,244
13687488,37.94,3.66,0.46,7372,4378,2994,2455,2031,424
13686624,36.60,0.16,0.14,1597,1875,-278,181,111,71
13685760,36.54,0.91,0.17,2309,2044,264,612,482,130
13684896,36.21,-3.18,0.31,2569,5262,-2693,384,1536,-1151
13684032,37.40,0.38,0.15,1979,1942,36,315,503,-188
13681440,37.26,0.27,0.11,1453,1459,-6,164,93,71
13680576,37.16,-1.07,0.21,2586,2824,-239,395,975,-580
13679712,37.56,-0.03,0.27,3555,3134,420,987,981,6
13678848,37.57,0.37,0.18,2363,2384,-20,772,411,361
13677984,37.43,0.16,0.22,3271,2481,789,1147,67,1080
13675392,37.37,1.03,0.25,3191,3283,-92,750,831,-80
13674528,36.99,-2.09,0.39,4534,5492,-958,1398,1884,-487
13669344,37.78,-0.08,0.33,4234,4096,139,1335,1063,273
13668480,37.81,-1.00,0.40,4930,5588,-658,1761,1839,-78
13667616,38.19,1.11,0.26,2686,4119,-1433,282,2272,-1990
13666752,37.77,-2.55,0.23,2038,3961,-1922,450,1095,-645
13665888,38.76,0.68,0.22,3518,2390,1128,507,440,66
13663296,38.50,1.05,0.28,5259,2205,3054,1680,323,1357
13662432,38.10,0.95,0.31,3476,4688,-1212,1259,2688,-1430
13661568,37.74,1.13,0.31,3168,4675,-1507,436,1405,-969
13660704,37.32,-0.72,0.58,8270,6546,1724,2797,2324,474
13659840,37.59,2.17,0.51,7332,5686,1646,3126,2902,225
13657248,36.79,-1.37,0.38,4789,4734,55,1121,1230,-109
13656384,37.30,-0.11,0.34,3718,4890,-1172,681,555,127
13655520,37.34,1.66,0.59,6850,8306,-1456,3081,5996,-2915
13654656,36.73,-2.03,0.53,4689,8491,-3802,964,2126,-1162
13653792,37.49,2.63,0.42,6514,4183,2331,2604,1856,748
13649472,36.53,-2.82,0.23,3525,2195,1330,1037,381,656
13648608,37.59,-1.16,0.46,7572,4202,3369,3455,1736,1719
13647744,38.03,3.15,0.47,5802,6587,-785,3705,3078,626
13645152,36.87,-0.91,0.38,4761,4564,197,2427,1850,577
13644288,37.21,2.59,1.08,14874,12324,2550,8746,7649,1097
13643424,36.27,2.60,0.34,4329,4178,151,830,957,-128
13642560,35.35,-1.83,0.37,4016,4904,-888,913,716,197
13641696,36.01,0.73,0.39,4473,5170,-697,1600,2192,-592
13639104,35.75,-0.11,0.19,2506,2232,274,319,59,260
13638240,35.79,1.62,0.50,5393,6985,-1592,1913,3890,-1977
13637376,35.22,-0.09,0.21,2148,2893,-745,371,813,-442
13636512,35.25,0.23,0.16,1902,1916,-14,343,608,-265
13635648,35.17,-2.14,0.22,1575,3851,-2276,262,1937,-1675
13633056,35.94,0.36,0.18,2257,2276,-20,609,607,1
13632192,35.81,-0.44,0.11,1106,1667,-562,253,389,-135
13631328,35.97,-0.22,0.20,2039,2740,-702,384,700,-316
13630464,36.05,-0.93,0.31,4606,3160,1446,1236,807,430
13629600,36.39,-1.70,0.06,610,960,-350,59,0,59
13627008,37.02,-0.46,0.13,1665,1579,86,387,192,196
13626144,37.19,0.19,0.46,5522,5423,99,3204,2560,644
13625280,37.12,0.87,0.46,5964,5543,421,2162,2758,-596
13624416,36.80,4.66,1.36,13680,20343,-6663,9296,14599,-5304
13623552,35.16,0.29,0.40,6562,3041,3521,930,259,670
13620960,35.06,0.31,0.24,2128,3663,-1535,518,1105,-586
13620096,34.95,2.70,0.41,5247,4420,827,2099,1710,389
13619232,34.03,-2.24,0.30,3194,3914,-721,1345,1792,-447
13618368,34.81,-2.36,0.30,2488,4619,-2131,623,461,162
13614912,35.65,0.59,0.36,3431,5357,-1927,1026,2651,-1625
13614048,35.44,-2.37,0.36,3175,5517,-2342,783,650,134
13613184,36.30,1.45,0.30,4142,3317,825,1226,939,287
13612320,35.78,1.68,0.62,9294,5860,3434,4948,2336,2612
13611456,35.19,0.51,0.45,3662,5779,-2116,1037,362,675
13602816,35.01,2.91,0.44,6531,4150,2382,1188,964,225
13601952,34.02,1.25,0.27,3844,2472,1372,780,954,-173
13601088,33.60,-2.83,0.32,3257,4065,-808,926,1333,-407
13600224,34.58,2.49,1.03,13621,10679,2942,5325,4674,651
13599360,33.74,2.80,0.78,9861,7815,2045,4994,2820,2175
13596768,32.82,0.92,0.61,7688,6055,1633,4750,3030,1720
13595904,32.52,0.15,0.17,2027,1675,352,708,510,198
13595040,32.47,1.47,0.57,6078,6601,-523,2609,3038,-429
13594176,32.00,-3.76,0.78,6184,11153,-4969,2692,5138,-2446
13593312,33.25,-0.51,0.50,5028,6396,-1368,1935,2838,-903
13590720,33.42,0.30,0.32,4336,2989,1348,2413,1491,921
13589856,33.32,-0.39,0.36,4201,3995,206,1236,1608,-372
13588992,33.45,-0.24,0.19,2179,2109,70,648,581,66
13588128,33.53,-1.18,0.24,1294,3268,-1975,539,427,112
13587264,33.93,-0.91,0.27,2064,4144,-2079,588,276,312
13584672,34.24,2.15,0.43,4959,5151,-191,2318,1969,349
13583808,33.52,-0.03,0.63,5060,9207,-4146,3527,5942,-2415
13582944,33.53,0.24,0.29,2810,3970,-1161,1411,1396,14
13582080,33.45,-1.33,0.35,2369,5618,-3250,531,2067,-1536
13581216,33.90,1.83,0.24,3346,2071,1274,1287,845,442
13578624,33.29,-0.03,0.17,2264,1479,786,342,230,111
13577760,33.30,-1.51,0.28,1985,4416,-2431,748,2312,-1564
13576896,33.81,1.53,0.26,2530,3495,-965,547,1532,-985
13576032,33.30,1.56,0.27,3479,2651,828,1233,583,650
13575168,32.79,-1.18,0.20,1414,2506,-1092,67,1013,-947
13572576,33.18,0.36,0.28,2748,3568,-820,1048,865,183
13569120,33.06,1.07,0.53,5758,6368,-610,3234,5230,-1995
13566528,32.71,-0.15,0.29,2656,4061,-1404,1156,1428,-271
13565664,32.76,-0.46,0.25,2484,3283,-799,1366,1573,-207
13564800,32.91,0.83,0.44,5290,4772,518,3159,2534,625
13563936,32.64,3.32,0.54,7825,4252,3572,4026,2480,1546
13563072,31.59,-0.47,0.35,4623,3085,1538,2521,1811,710
13560480,31.74,0.03,0.38,4408,3886,522,2222,1641,581
13559616,31.73,-0.91,0.31,2813,3860,-1047,323,1652,-1329
13558752,32.02,0.28,0.27,2079,3809,-1730,466,2682,-2216
13557888,31.93,-0.19,0.22,2185,2713,-528,378,844,-467
13557024,31.99,0.50,0.26,2616,2978,-362,311,629,-318
13554432,31.83,3.14,0.40,5442,3104,2338,999,743,256
13553568,30.86,1.11,0.34,3636,3460,176,821,1279,-458
13552704,30.52,0.73,0.21,1843,2472,-629,134,1173,-1039
13551840,30.30,-0.30,0.17,1825,1673,152,208,464,-255
13550976,30.39,0.13,0.34,3511,3577,-66,627,680,-53
13548384,30.35,0.46,0.29,2423,3357,-935,283,606,-323
13547520,30.21,-0.33,0.24,1996,3081,-1086,425,679,-255
13546656,30.31,1.88,0.54,4385,6642,-2256,1485,2801,-1317
13545792,29.75,0.41,0.39,3799,4035,-235,1476,1339,138
13544928,29.63,-0.94,0.17,1965,1613,352,701,351,350
13542336,29.91,1.63,0.27,1937,3452,-1515,763,1608,-844
13541472,29.43,0.48,0.21,2544,1679,865,260,693,-433
13540608,29.29,-3.24,0.30,3290,2670,620,850,993,-142
13539744,30.27,-0.46,0.10,1345,672,672,67,0,67
13538880,30.41,-0.59,0.08,784,901,-117,0,57,-57
13536288,30.59,1.97,0.12,1480,1015,465,163,129,33
13535424,30.00,-0.66,0.18,1089,2713,-1624,90,1499,-1409
13534560,30.20,0.03,0.21,2071,2261,-190,298,1087,-789
13533696,30.19,0.40,0.14,1366,1594,-229,402,81,321
13532832,30.07,-1.09,0.21,1955,2315,-361,473,611,-138
13530240,30.40,-0.49,0.18,1554,2282,-728,218,151,68
13529376,30.55,-0.23,0.07,591,866,-275,54,113,-59
13528512,30.62,-0.13,0.11,1192,1134,57,298,324,-26
13527648,30.66,-0.78,0.14,983,1963,-980,0,545,-545
13526784,30.90,-0.06,0.10,652,1579,-927,122,647,-525
13524192,30.92,0.16,0.10,807,1354,-547,119,295,-175
13523328,30.87,-1.91,0.11,1112,1233,-121,234,115,120
13522464,31.47,0.35,0.11,1455,898,557,650,68,582
13521600,31.36,-1.23,0.14,1010,1950,-940,0,539,-539
13520736,31.75,0.22,0.19,2221,1952,269,0,139,-139
13518144,31.68,-1.03,0.35,3203,4557,-1354,654,2447,-1793
13517280,32.01,2.30,0.31,4038,2776,1263,1561,596,965
13516416,31.29,1.99,0.42,3828,5119,-1291,1762,2175,-412
13515552,30.68,-0.97,0.31,2821,3652,-831,1067,1715,-647
13514688,30.98,-0.67,0.20,1418,2924,-1506,504,983,-480
13512096,31.19,-1.20,0.12,879,1668,-789,115,200,-85
13511232,31.57,-0.06,0.16,1277,2252,-974,0,757,-757
13510368,31.59,-0.69,0.20,1757,2622,-865,272,739,-466
13509504,31.81,-0.93,0.21,1909,2618,-710,538,835,-296
13508640,32.11,0.66,0.25,3568,1859,1709,1171,708,463
13506048,31.90,-0.75,0.26,1706,4035,-2329,298,1332,-1035
13505184,32.14,-0.74,0.31,3365,3609,-244,702,1306,-604
13504320,32.38,-1.25,0.18,1727,2236,-509,366,927,-561
13503456,32.79,-0.97,0.17,1620,2181,-560,362,670,-308
13502592,33.11,-0.03,0.17,1899,2016,-117,250,553,-303
13500000,33.12,0.52,0.18,2083,1920,162,214,169,45
13499136,32.95,1.04,0.26,2923,2897,26,768,744,24
13498272,32.61,-1.15,0.22,2353,2564,-210,201,355,-154
13497408,32.99,1.01,0.38,4610,3867,743,1075,392,683
13496544,32.66,0.49,0.25,2215,3421,-1206,469,803,-334
13487904,32.50,2.43,0.39,4979,3749,1230,2286,1273,1013
13487040,31.73,0.92,0.34,3198,4099,-902,402,961,-559
13486176,31.44,-1.10,0.24,1336,4004,-2668,596,2874,-2278
13485312,31.79,-1.00,0.22,2423,2398,24,1463,762,701
13484448,32.11,0.53,0.18,1836,2175,-339,353,458,-105
13481856,31.94,0.16,0.13,1157,1579,-422,181,212,-32
13480992,31.89,0.31,0.17,1478,2168,-690,55,525,-470
13480128,31.79,-0.03,0.26,1622,3948,-2325,416,656,-240
13479264,31.80,-2.42,0.41,3160,9926,-6766,1408,6767,-5359
